"Name","Color","Rarity","# Seen","ALSA","# Picked","ATA","# GP","% GP","GP WR","# OH","OH WR","# GD","GD WR","# GIH","GIH WR","# GNS","GNS WR","IWD"
"Summon: Bahamut","","M","3876","1.41","2660","1.39","14113","88.8%","54.6%","2298","51.5%","3863","59.8%","6161","56.7%","7779","52.6%","4.2pp"
"Ultima, Origin of Oblivion","","R","12898","2.25","3886","2.36","20247","88.5%","53.0%","3337","51.0%","5251","54.7%","8588","53.2%","11574","52.6%","0.7pp"
"Adelbert Steiner","W","U","51942","3.29","13837","3.84","74371","87.3%","57.0%","13424","58.4%","17216","57.8%","30640","58.1%","43652","56.4%","1.7pp"
"Aerith Gainsborough","W","R","12954","2.27","4136","2.43","20455","83.1%","54.5%","3631","55.9%","4948","55.4%","8579","55.6%","11849","53.6%","2.0pp"
"Aerith Rescue Mission","W","C","254995","6.75","31963","9.65","71827","37.3%","54.4%","11998","51.3%","16576","55.6%","28574","53.8%","43122","54.8%","-1.0pp"
"Ambrosia Whiteheart","W","U","57807","3.53","13828","4.30","73581","87.3%","56.0%","13184","56.5%","16978","56.4%","30162","56.4%","42989","55.7%","0.7pp"
"Ashe, Princess of Dalmasca","W","U","67520","4.31","11342","5.63","51198","75.0%","55.3%","9172","55.4%","11783","53.8%","20955","54.5%","30174","55.8%","-1.3pp"
"Auron's Inspiration","W","U","100082","6.99","12230","10.00","18895","25.8%","53.9%","3177","50.8%","4220","51.5%","7397","51.2%","11484","55.7%","-4.5pp"
"Battle Menu","W","U","54013","3.26","14522","3.92","79499","89.2%","56.8%","14172","57.2%","18695","59.0%","32867","58.2%","46408","55.8%","2.4pp"
"Cloud, Midgar Mercenary","W","M","5205","1.85","2389","1.80","11964","81.8%","56.5%","2136","58.9%","2848","57.6%","4984","58.1%","6951","55.3%","2.8pp"
"Cloudbound Moogle","W","C","261792","7.04","27448","10.50","42596","25.8%","53.1%","7385","49.7%","10105","53.5%","17490","51.9%","25012","53.9%","-2.1pp"
"Coeurl","W","C","257130","6.84","30094","9.95","70517","38.8%","54.4%","12793","53.4%","15967","53.4%","28760","53.4%","41623","55.1%","-1.6pp"
"Crystal Fragments","W","U","80479","5.16","10774","7.25","37408","58.5%","53.5%","6606","52.6%","8429","51.8%","15035","52.1%","20812","54.0%","-1.8pp"
"The Crystal's Chosen","W","U","73938","4.75","14438","6.02","57830","66.9%","54.7%","9298","54.1%","13973","57.5%","23271","56.1%","34399","53.8%","2.4pp"
"Delivery Moogle","W","U","61069","3.81","17387","4.38","88098","81.6%","58.0%","14961","58.9%","20864","60.5%","35825","59.8%","51992","56.7%","3.1pp"
"Dion, Bahamut's Dominant","W","R","7792","1.39","6212","1.36","36969","94.3%","58.5%","6627","64.2%","9137","65.5%","15764","65.0%","20936","53.6%","11.4pp"
"Dragoon's Lance","W","U","43937","2.77","16924","3.03","96441","90.5%","58.5%","17561","62.7%","21545","60.4%","39106","61.5%","50485","55.0%","6.5pp"
"Dwarven Castle Guard","W","C","245826","6.22","33388","8.73","114870","57.1%","54.9%","20849","54.8%","26112","53.2%","46961","53.9%","67680","55.5%","-1.6pp"
"Fate of the Sun-Cryst","W","C","202991","4.75","28343","6.75","127729","75.0%","54.2%","21486","51.2%","30708","55.6%","52194","53.8%","75143","54.5%","-0.7pp"
"From Father to Son","W","R","40165","6.59","5070","10.01","346","1.1%","","50","","82","","132","","215","",""
"G'raha Tia","W","U","61134","3.82","11700","4.81","54895","78.6%","53.9%","9143","51.8%","13335","54.7%","22478","53.5%","32353","54.1%","-0.6pp"
"Gaelicat","W","C","220696","5.42","35431","7.25","164068","75.7%","56.6%","28121","55.6%","38848","56.9%","66969","56.3%","96841","56.7%","-0.4pp"
"Machinist's Arsenal","W","R","11790","2.08","5705","2.08","30926","88.5%","56.5%","5185","57.4%","7622","60.3%","12807","59.1%","17492","54.2%","4.9pp"
"Magitek Armor","W","U","74527","4.63","16508","5.71","77424","76.5%","56.9%","12996","57.7%","18356","56.5%","31352","57.0%","45382","56.6%","0.5pp"
"Magitek Infantry","W","C","208694","5.17","45257","6.40","189701","67.7%","58.2%","34045","59.9%","36426","55.4%","70471","57.6%","115231","58.5%","-0.9pp"
"Minwu, White Mage","W","R","17602","3.01","3601","3.43","14222","67.5%","52.5%","2371","50.8%","3446","52.1%","5817","51.6%","8393","53.1%","-1.5pp"
"Moogles' Valor","W","R","14199","2.47","5687","2.56","29177","84.0%","56.2%","4889","56.0%","6952","61.3%","11841","59.1%","17251","54.1%","5.0pp"
"Paladin's Arms","W","C","215051","5.14","34164","7.02","170098","81.7%","56.2%","30086","55.8%","39363","55.5%","69449","55.6%","98589","56.4%","-0.7pp"
"Phoenix Down","W","U","92235","6.07","11372","8.75","24912","36.8%","53.3%","4088","50.1%","5838","53.1%","9926","51.9%","13792","53.4%","-1.5pp"
"Restoration Magic","W","U","80235","5.01","11677","6.91","44986","63.9%","55.7%","7503","55.1%","10769","57.7%","18272","56.7%","26632","55.0%","1.7pp"
"Sidequest: Catch a Fish","W","U","90400","6.19","9860","9.26","14894","25.4%","51.9%","2553","50.5%","3497","50.0%","6050","50.2%","8817","53.1%","-2.8pp"
"Slash of Light","W","C","219533","5.30","35115","7.18","165529","77.2%","56.1%","27674","54.9%","38605","57.2%","66279","56.3%","98911","56.0%","0.2pp"
"Snow Villiers","W","U","84145","5.45","10236","7.89","32338","52.9%","53.4%","5585","51.4%","7363","51.6%","12948","51.5%","19365","54.6%","-3.1pp"
"Stiltzkin, Moogle Merchant","W","R","27749","4.37","4557","5.93","14623","53.8%","53.3%","2617","52.8%","3489","51.9%","6106","52.3%","8445","54.0%","-1.7pp"
"Summon: Choco/Mog","W","C","232218","5.83","29706","8.28","97443","54.4%","54.5%","16726","52.6%","21822","54.0%","38548","53.4%","58332","55.1%","-1.7pp"
"Summon: Knights of Round","W","M","4093","1.50","2693","1.47","14069","86.3%","55.8%","2390","55.1%","3530","61.0%","5920","58.6%","8002","53.4%","5.2pp"
"Summon: Primal Garuda","W","U","57636","3.58","11109","4.58","54347","80.8%","55.2%","9273","54.5%","12764","56.7%","22037","55.8%","32109","54.8%","1.0pp"
"Ultima","W","R","15410","2.70","4565","2.84","17790","66.3%","53.1%","3002","52.4%","4535","57.2%","7537","55.3%","10148","51.5%","3.8pp"
"Venat, Heart of Hydaelyn","W","R","10699","1.88","5244","1.88","28216","88.8%","55.6%","4904","57.5%","6828","57.3%","11732","57.4%","16409","54.3%","3.1pp"
"Weapons Vendor","W","C","226380","5.63","35999","7.62","140035","63.8%","56.1%","23973","54.5%","32436","55.9%","56409","55.3%","83404","56.7%","-1.4pp"
"White Auracite","W","C","140132","3.34","39603","3.96","217236","89.0%","57.0%","36202","57.6%","51550","60.0%","87752","59.1%","126627","55.3%","3.8pp"
"White Mage's Staff","W","C","191252","4.45","39048","5.72","215075","89.3%","57.1%","39110","59.2%","48362","56.2%","87472","57.6%","117691","56.3%","1.3pp"
"The Wind Crystal","W","R","23064","3.91","3483","5.19","10285","50.7%","51.5%","1709","48.7%","2409","52.4%","4118","50.8%","6057","51.6%","-0.7pp"
"You're Not Alone","W","C","260576","7.07","35192","9.84","95321","44.5%","56.5%","15638","55.1%","21641","56.7%","37279","56.0%","57972","56.8%","-0.8pp"
"Zack Fair","W","U","60473","3.72","13515","4.53","70175","85.0%","56.4%","12524","58.1%","16276","56.7%","28800","57.3%","41026","55.8%","1.5pp"
"Astrologian's Planisphere","U","R","11919","2.14","6248","2.17","34526","91.7%","55.3%","6344","58.5%","9301","56.4%","15645","57.2%","17920","53.5%","3.8pp"
"Cargo Ship","U","U","93148","6.36","13747","8.77","34294","41.7%","53.5%","6183","54.6%","8524","54.1%","14707","54.3%","18868","52.5%","1.8pp"
"Combat Tutorial","U","C","213430","5.18","50589","6.54","244776","79.1%","56.5%","42577","57.3%","66534","60.0%","109111","59.0%","133522","54.3%","4.7pp"
"Dragoon's Wyvern","U","C","182246","4.29","55896","5.18","306776","88.9%","56.9%","54106","57.8%","83945","59.4%","138051","58.8%","165874","55.3%","3.5pp"
"Dreams of Laguna","U","C","229916","5.64","49922","7.36","232907","76.6%","56.1%","41734","56.2%","62709","59.1%","104443","57.9%","127664","54.6%","3.2pp"
"Edgar, King of Figaro","U","R","23994","4.03","5174","4.87","17975","58.8%","52.3%","2948","49.7%","4759","55.2%","7707","53.1%","10197","51.6%","1.5pp"
"Eject","U","U","64217","3.92","22059","4.55","121392","89.5%","56.5%","20417","55.8%","33776","61.0%","54193","59.1%","65933","54.3%","4.8pp"
"Ether","U","U","105183","7.77","14110","11.03","9368","11.1%","49.8%","1480","45.3%","2658","50.8%","4138","48.9%","5178","50.4%","-1.5pp"
"Gogo, Master of Mimicry","U","M","9082","3.12","2441","3.57","10135","71.1%","51.9%","1728","48.3%","2812","54.1%","4540","51.9%","5539","51.9%","-0.1pp"
"Ice Flan","U","C","258511","6.71","38405","9.63","104799","45.5%","53.3%","18535","50.4%","29255","55.4%","47790","53.5%","56300","53.2%","0.3pp"
"Ice Magic","U","C","197803","4.64","51998","5.85","277593","87.4%","56.2%","48099","54.4%","77399","60.4%","125498","58.1%","149377","54.5%","3.6pp"
"Il Mheg Pixie","U","U","55523","3.41","19796","3.94","110228","91.2%","56.1%","19819","58.6%","29960","57.7%","49779","58.1%","59675","54.4%","3.6pp"
"Jill, Shiva's Dominant","U","R","9698","1.71","6896","1.71","39993","93.8%","57.6%","6974","61.4%","11039","63.6%","18013","62.7%","21414","53.1%","9.7pp"
"Louisoix's Sacrifice","U","R","37176","5.98","4711","9.01","3284","11.5%","48.7%","530","45.8%","904","50.7%","1434","48.9%","1839","48.3%","0.5pp"
"The Lunar Whale","U","R","11894","2.07","7557","2.09","42994","93.5%","56.2%","7252","57.9%","11821","59.7%","19073","59.0%","23462","53.6%","5.4pp"
"Magic Damper","U","C","268852","7.59","37952","10.73","63184","27.6%","54.3%","10558","53.4%","17118","57.2%","27676","55.7%","35192","53.0%","2.7pp"
"Matoya, Archon Elder","U","R","26907","4.42","4801","5.78","11470","40.7%","50.9%","2014","50.0%","3223","52.1%","5237","51.3%","6149","50.3%","1.0pp"
"Memories Returning","U","R","16033","2.74","7971","2.81","43520","89.2%","56.7%","7403","56.8%","11982","62.1%","19385","60.0%","23805","53.9%","6.2pp"
"The Prima Vista","U","U","99733","6.97","13168","10.01","19909","25.3%","51.8%","3292","49.1%","5518","52.8%","8810","51.4%","11011","52.1%","-0.7pp"
"Qiqirn Merchant","U","C","268173","7.48","39591","10.52","77103","32.6%","52.2%","13404","50.0%","21244","53.8%","34648","52.4%","42082","52.1%","0.3pp"
"Quistis Trepe","U","U","62302","3.84","17485","4.67","90120","85.2%","54.9%","15153","51.2%","25043","59.1%","40196","56.2%","48906","53.6%","2.5pp"
"Relm's Sketching","U","U","68510","4.26","15727","5.37","73497","78.1%","54.1%","12072","51.3%","20545","58.0%","32617","55.5%","40143","52.8%","2.7pp"
"Retrieve the Esper","U","C","225606","5.47","43382","7.43","193132","74.0%","54.7%","32692","52.9%","52835","57.1%","85527","55.5%","106587","53.9%","1.6pp"
"Rook Turret","U","C","255436","6.87","33555","9.93","73498","36.9%","51.7%","12444","50.3%","19223","53.1%","31667","52.0%","41313","51.3%","0.8pp"
"Sage's Nouliths","U","C","257686","6.88","37094","9.81","92227","41.4%","53.2%","16482","52.2%","23429","53.6%","39911","53.0%","50967","53.1%","-0.1pp"
"Sahagin","U","C","221285","5.70","52546","6.99","247045","76.6%","56.4%","43947","58.3%","68619","57.8%","112566","58.0%","132802","55.0%","3.0pp"
"Scorpion Sentinel","U","C","245365","6.24","44862","8.47","185188","68.2%","54.9%","33217","54.5%","50094","56.4%","83311","55.6%","99116","54.2%","1.5pp"
"Sidequest: Card Collection","U","U","88431","5.77","18813","7.26","72501","63.2%","56.8%","12437","55.3%","20489","61.6%","32926","59.2%","38921","54.6%","4.6pp"
"Sleep Magic","U","U","62879","3.85","18769","4.57","101572","88.3%","56.3%","17520","56.0%","27804","60.2%","45324","58.6%","55239","54.4%","4.2pp"
"Stolen Uniform","U","U","109617","8.60","13033","12.33","656","0.8%","42.1%","101","","171","","272","","381","",""
"Stuck in Summoner's Sanctum","U","C","200607","4.67","41102","6.31","202797","82.3%","54.4%","34708","51.7%","55824","57.6%","90532","55.3%","110371","53.6%","1.8pp"
"Summon: Leviathan","U","R","11443","2.02","7019","2.02","38448","89.9%","55.7%","6401","55.9%","10838","60.8%","17239","59.0%","20706","52.8%","6.1pp"
"Summon: Shiva","U","U","58744","3.60","16628","4.35","86246","86.1%","55.1%","14463","53.9%","24006","58.6%","38469","56.9%","46933","53.4%","3.5pp"
"Swallowed by Leviathan","U","U","79797","5.06","23031","5.89","109875","77.7%","56.8%","18757","56.0%","30890","61.3%","49647","59.3%","59313","54.6%","4.7pp"
"Syncopate","U","C","244998","6.29","45536","8.51","178508","64.7%","55.5%","30731","56.2%","49798","57.8%","80529","57.2%","96937","54.0%","3.2pp"
"Thief's Knife","U","U","70657","4.39","13093","5.82","56333","73.0%","52.5%","9769","52.6%","15045","53.1%","24814","52.9%","30927","52.0%","0.9pp"
"Travel the Overworld","U","U","85736","5.59","18454","7.02","64096","57.8%","54.2%","10681","52.7%","17852","59.1%","28533","56.7%","35070","52.0%","4.7pp"
"Ultros, Obnoxious Octopus","U","U","63883","4.01","20348","4.61","102520","82.3%","56.5%","18310","56.9%","28287","59.7%","46597","58.6%","55070","54.6%","4.0pp"
"Valkyrie Aerial Unit","U","U","81751","5.41","13242","7.33","45623","58.1%","52.7%","7453","50.0%","12022","54.9%","19475","53.0%","25781","52.3%","0.7pp"
"The Water Crystal","U","R","33277","5.46","4219","8.41","3094","12.4%","46.1%","510","43.7%","864","47.7%","1374","46.2%","1683","45.9%","0.3pp"
"Y'shtola Rhul","U","M","6782","2.42","2805","2.47","12398","74.1%","53.3%","2088","53.8%","3459","57.6%","5547","56.2%","6739","50.7%","5.5pp"
"Ahriman","B","C","220540","5.24","30221","7.60","132078","72.7%","54.4%","23125","52.9%","32935","56.3%","56060","54.9%","74858","54.1%","0.8pp"
"Al Bhed Salvagers","B","U","64810","3.91","13768","5.04","68871","82.8%","55.1%","12045","54.0%","16976","57.6%","29021","56.1%","39220","54.3%","1.8pp"
"Ardyn, the Usurper","B","R","10708","1.91","6667","1.86","38300","91.1%","58.2%","6476","60.0%","10370","67.4%","16846","64.5%","20630","52.3%","12.2pp"
"Black Mage's Rod","B","C","200992","4.72","36271","6.40","174229","79.3%","55.0%","31183","55.2%","43218","55.8%","74401","55.6%","96704","54.3%","1.2pp"
"Cecil, Dark Knight","B","R","12645","2.21","5398","2.29","28880","88.0%","55.9%","5146","60.2%","7247","57.7%","12393","58.7%","16128","53.7%","5.0pp"
"Circle of Power","B","U","72977","4.51","15889","5.66","71989","74.5%","55.9%","12419","54.9%","18711","59.5%","31130","57.7%","39787","54.2%","3.4pp"
"Cornered by Black Mages","B","C","179640","4.26","40428","5.36","205687","83.3%","56.1%","35589","57.1%","52414","59.0%","88003","58.3%","114558","54.3%","3.9pp"
"Dark Confidant","B","M","6690","2.40","2674","2.47","12414","76.0%","56.1%","2295","63.0%","3148","57.1%","5443","59.6%","6833","53.3%","6.3pp"
"Dark Knight's Greatsword","B","U","77257","4.74","12986","6.45","54480","69.7%","54.9%","9420","55.4%","13421","56.1%","22841","55.8%","31001","54.2%","1.6pp"
"The Darkness Crystal","B","R","21836","3.67","3862","4.82","13804","59.8%","53.2%","2342","53.3%","3511","54.8%","5853","54.2%","7744","52.5%","1.8pp"
"Demon Wall","B","U","72356","4.32","13448","5.81","64421","80.0%","54.5%","11573","53.4%","16267","56.5%","27840","55.2%","35673","53.8%","1.4pp"
"Evil Reawakened","B","U","64520","3.98","14320","4.98","70874","81.8%","55.2%","11941","54.6%","18361","59.1%","30302","57.3%","39101","53.4%","4.0pp"
"Fang, Fearless l'Cie","B","U","74583","4.66","13095","6.19","45637","59.0%","52.6%","8016","50.5%","11431","52.7%","19447","51.8%","25749","53.1%","-1.3pp"
"Fight On!","B","C","249864","6.40","37293","9.03","122810","54.9%","54.3%","20061","50.0%","31416","57.2%","51477","54.4%","69477","54.2%","0.2pp"
"The Final Days","B","U","66914","4.16","14098","5.27","62430","73.3%","55.7%","10543","54.1%","15376","58.1%","25919","56.5%","36077","55.1%","1.4pp"
"Gaius van Baelsar","B","U","67222","4.07","12524","5.40","59503","79.4%","54.3%","10027","53.0%","15014","56.4%","25041","55.0%","33748","53.7%","1.3pp"
"Hecteyes","B","C","218839","5.13","41951","6.94","206848","81.3%","55.7%","36868","55.9%","51808","56.9%","88676","56.5%","116413","55.1%","1.3pp"
"Jecht, Reluctant Guardian","B","R","9011","1.58","5538","1.59","30683","92.4%","54.7%","5203","56.0%","8089","57.0%","13292","56.6%","17038","53.1%","3.5pp"
"Kain, Traitorous Dragoon","B","R","29884","4.78","3756","7.17","6793","30.6%","50.7%","1174","48.8%","1763","52.9%","2937","51.3%","3797","50.4%","0.8pp"
"Malboro","B","C","236623","5.72","38172","8.03","164970","71.2%","55.4%","29504","53.6%","42456","58.4%","71960","56.4%","91125","54.4%","2.0pp"
"Namazu Trader","B","C","255610","6.68","34954","9.58","95787","45.7%","54.0%","16198","53.6%","24320","55.3%","40518","54.6%","54489","53.5%","1.1pp"
"Ninja's Blades","B","R","13292","2.29","5063","2.44","26618","87.4%","55.1%","4656","58.6%","6712","57.2%","11368","57.8%","14810","52.8%","5.0pp"
"Overkill","B","U","36553","2.32","16377","2.57","93429","93.3%","56.0%","16190","56.3%","24281","61.0%","40471","59.1%","51348","53.4%","5.7pp"
"Phantom Train","B","U","95096","6.42","14044","8.89","31656","37.6%","54.2%","5181","52.3%","7870","56.1%","13051","54.6%","18333","53.8%","0.9pp"
"Poison the Waters","B","U","92875","6.00","11717","8.87","24803","35.3%","53.0%","4302","52.0%","6288","54.1%","10590","53.2%","13997","52.7%","0.6pp"
"Qutrub Forayer","B","C","267958","7.56","29100","11.22","25967","14.8%","51.5%","4311","49.7%","6404","53.0%","10715","51.6%","15111","51.5%","0.1pp"
"Reno and Rude","B","U","72495","4.42","12382","6.00","54804","74.7%","53.8%","9693","54.6%","13274","53.5%","22967","54.0%","31576","53.7%","0.3pp"
"Resentful Revelation","B","C","235975","5.85","44767","7.74","189248","69.4%","56.3%","34059","56.5%","47599","59.1%","81658","58.0%","106602","55.0%","3.0pp"
"Sephiroth, Fabled SOLDIER","B","M","3670","1.31","2868","1.29","16364","91.8%","56.8%","2871","60.7%","4162","63.6%","7033","62.4%","9094","52.4%","10.0pp"
"Sephiroth's Intervention","B","C","121296","2.89","42425","3.39","241674","93.2%","56.1%","41310","55.5%","63360","61.2%","104670","59.0%","132842","53.7%","5.3pp"
"Shambling Cie'th","B","U","84927","5.33","11996","7.59","41837","59.2%","52.7%","7354","52.0%","10080","52.0%","17434","52.0%","24349","53.3%","-1.3pp"
"Shinra Reinforcements","B","C","253051","6.69","42623","9.00","143142","55.2%","56.1%","25209","56.2%","35427","57.9%","60636","57.2%","80972","55.3%","1.9pp"
"Sidequest: Hunt the Mark","B","U","44136","2.79","17377","3.10","97511","91.2%","56.7%","16623","57.8%","25519","61.6%","42142","60.1%","53574","53.8%","6.3pp"
"Summon: Anima","B","U","68635","4.26","12000","5.63","51771","72.8%","53.0%","8642","49.4%","13248","55.0%","21890","52.8%","29416","53.1%","-0.3pp"
"Summon: Primal Odin","B","R","9040","1.58","6248","1.56","36356","92.8%","57.8%","6190","60.2%","9453","65.3%","15643","63.3%","19979","53.3%","10.0pp"
"Tonberry","B","U","75988","4.74","11722","6.62","46997","66.8%","54.2%","8429","59.0%","11227","52.3%","19656","55.2%","27087","53.6%","1.6pp"
"Undercity Dire Rat","B","C","229893","5.49","36544","7.71","167404","76.3%","54.7%","30211","55.7%","41051","55.1%","71262","55.4%","95228","54.2%","1.2pp"
"Vayne's Treachery","B","C","154070","3.57","43652","4.41","242635","91.1%","55.9%","42379","55.2%","62536","59.2%","104915","57.6%","134231","54.5%","3.1pp"
"Vincent Valentine","B","R","9671","1.73","5358","1.74","29351","90.2%","55.6%","4996","57.0%","7642","59.2%","12638","58.3%","16351","53.5%","4.8pp"
"Vincent's Limit Break","B","C","260972","7.17","30577","10.59","44650","24.4%","52.2%","7468","49.6%","11030","53.7%","18498","52.0%","25881","52.3%","-0.3pp"
"Zenos yae Galvus","B","R","10364","1.80","6045","1.80","32978","89.9%","56.0%","5550","58.0%","8784","60.8%","14334","59.7%","18102","52.9%","6.8pp"
"Zodiark, Umbral God","B","R","24125","3.99","4035","5.26","11945","50.1%","52.2%","1997","49.7%","3105","56.3%","5102","53.7%","6659","50.7%","3.0pp"
"Barret Wallace","R","U","88532","5.92","10053","8.80","23586","39.4%","52.4%","4061","50.9%","5565","52.0%","9626","51.5%","13975","53.0%","-1.5pp"
"Blazing Bomb","R","C","252946","6.78","36567","9.28","111977","50.6%","55.8%","19808","57.1%","29512","56.3%","49320","56.6%","62283","55.1%","1.5pp"
"Call the Mountain Chocobo","R","C","217218","5.30","40116","7.04","173708","71.3%","55.9%","29661","55.3%","44313","58.7%","73974","57.3%","99057","54.7%","2.6pp"
"Choco-Comet","R","U","47470","3.01","18045","3.27","98195","87.9%","57.3%","16630","57.8%","25539","63.2%","42169","61.1%","55283","54.3%","6.7pp"
"Clive, Ifrit's Dominant","R","M","4738","1.73","2516","1.71","12723","86.2%","53.9%","2154","53.0%","3312","56.3%","5466","55.0%","7204","52.9%","2.2pp"
"Coral Sword","R","U","90511","5.94","10922","8.65","29504","45.1%","54.3%","4846","53.6%","6787","54.5%","11633","54.2%","17194","53.9%","0.3pp"
"The Fire Crystal","R","R","28575","4.82","3091","7.66","2743","15.1%","47.5%","468","","668","41.9%","1136","42.4%","1596","50.8%","-8.3pp"
"Fire Magic","R","U","69113","4.34","13110","5.54","52987","67.6%","54.7%","9296","53.7%","14091","59.0%","23387","56.9%","29268","52.8%","4.1pp"
"Firion, Wild Rose Warrior","R","R","15457","2.78","4398","2.90","19993","74.9%","55.3%","3539","57.4%","4642","55.3%","8181","56.2%","11807","54.6%","1.6pp"
"Freya Crescent","R","U","86032","5.69","11320","7.89","35039","51.6%","54.7%","6183","57.8%","7935","51.5%","14118","54.3%","20859","55.0%","-0.8pp"
"Gilgamesh, Master-at-Arms","R","R","16661","2.99","5081","3.08","20414","66.1%","55.6%","3414","57.5%","4803","59.0%","8217","58.4%","12161","53.7%","4.7pp"
"Haste Magic","R","C","269489","7.91","28068","11.68","21113","12.6%","50.7%","3518","49.1%","5084","50.7%","8602","50.1%","12493","51.1%","-1.0pp"
"Hill Gigas","R","C","260567","6.97","29181","10.28","63970","36.8%","51.8%","11359","48.7%","15835","52.0%","27194","50.6%","36590","52.6%","-1.9pp"
"Item Shopkeep","R","C","265045","7.65","30845","10.98","53753","28.9%","53.9%","9662","52.6%","12188","52.7%","21850","52.6%","31849","54.8%","-2.2pp"
"Laughing Mad","R","C","267668","7.57","32405","10.89","56545","29.1%","53.4%","9879","51.4%","14308","54.3%","24187","53.1%","32250","53.6%","-0.5pp"
"Light of Judgment","R","C","238374","5.93","31731","8.58","113681","60.0%","53.0%","18750","49.6%","29780","55.1%","48530","53.0%","64554","52.9%","0.1pp"
"Mysidian Elder","R","C","238995","6.23","30408","8.92","95129","52.6%","52.5%","16638","50.5%","24147","52.9%","40785","51.9%","53788","53.0%","-1.0pp"
"Nibelheim Aflame","R","M","5322","1.92","3166","1.83","17014","86.0%","58.1%","2872","61.9%","4508","65.1%","7380","63.8%","9515","53.5%","10.3pp"
"Opera Love Song","R","U","96660","6.43","11417","9.46","22796","33.1%","53.6%","3910","50.3%","5469","54.9%","9379","53.0%","13343","54.1%","-1.1pp"
"Prompto Argentum","R","U","77445","4.72","13739","6.26","63673","76.5%","55.3%","11528","56.6%","15944","55.9%","27472","56.2%","36034","54.6%","1.6pp"
"Queen Brahne","R","U","67751","4.28","11040","5.67","47731","73.1%","52.9%","8418","53.8%","12077","52.1%","20495","52.8%","27041","52.9%","-0.1pp"
"Random Encounter","R","U","106975","8.03","11951","11.78","2753","3.9%","48.2%","445","","660","50.9%","1105","48.1%","1646","48.4%","-0.3pp"
"Raubahn, Bull of Ala Mhigo","R","R","19026","3.27","3990","3.82","16521","70.8%","53.2%","2969","53.3%","3860","51.6%","6829","52.3%","9670","53.8%","-1.5pp"
"Red Mage's Rapier","R","C","248838","6.69","29115","9.69","76615","44.2%","52.3%","13761","50.7%","18345","51.0%","32106","50.9%","43740","53.2%","-2.3pp"
"Sabotender","R","C","249594","6.81","25752","10.23","52758","34.6%","52.1%","9392","52.2%","12347","51.1%","21739","51.6%","30887","52.5%","-0.9pp"
"Samurai's Katana","R","U","52957","3.31","16892","3.74","90472","86.1%","57.6%","16243","60.8%","21896","59.9%","38139","60.3%","51352","55.5%","4.8pp"
"Sandworm","R","U","93088","6.06","11994","8.72","29302","41.3%","51.9%","4897","49.8%","7243","52.9%","12140","51.7%","17107","51.9%","-0.3pp"
"Seifer Almasy","R","R","10354","1.86","5646","1.83","30645","89.3%","55.6%","5262","58.3%","7876","59.1%","13138","58.7%","17368","53.1%","5.6pp"
"Self-Destruct","R","U","98791","6.87","10712","10.27","12210","19.2%","51.2%","2076","47.6%","2908","52.3%","4984","50.4%","7201","51.6%","-1.3pp"
"Sidequest: Play Blitzball","R","U","93849","6.56","9480","10.02","12291","21.8%","51.4%","2012","48.9%","2859","48.2%","4871","48.5%","7406","53.2%","-4.7pp"
"Sorceress's Schemes","R","U","98066","6.75","16788","8.79","47535","46.6%","56.5%","7908","53.5%","12964","60.7%","20872","58.0%","26411","55.1%","2.8pp"
"Summon: Brynhildr","R","R","18057","3.08","4429","3.49","19430","75.7%","52.3%","3486","50.5%","4781","54.3%","8267","52.7%","11081","52.0%","0.7pp"
"Summon: Esper Ramuh","R","U","79516","5.02","12581","6.77","44621","60.0%","52.9%","7456","49.3%","11935","54.5%","19391","52.5%","24848","53.1%","-0.6pp"
"Summon: G.F. Cerberus","R","R","15393","2.69","4911","2.88","22980","79.9%","52.3%","3905","50.7%","5999","52.6%","9904","51.8%","12958","52.5%","-0.7pp"
"Summon: G.F. Ifrit","R","C","241581","6.20","29746","8.92","87066","49.5%","52.1%","15345","49.5%","21556","51.9%","36901","50.9%","49888","53.0%","-2.1pp"
"Suplex","R","C","155905","3.64","36612","4.59","196511","88.9%","55.2%","34604","54.5%","49806","57.8%","84410","56.5%","110852","54.3%","2.2pp"
"Thunder Magic","R","C","137341","3.27","43356","3.85","239136","90.1%","56.4%","41799","56.7%","61191","59.6%","102990","58.4%","134449","54.8%","3.7pp"
"Triple Triad","R","R","33795","5.59","4410","8.24","5875","22.3%","51.2%","962","47.8%","1501","52.2%","2463","50.5%","3386","51.7%","-1.2pp"
"Unexpected Request","R","U","100550","7.02","11015","10.49","12107","18.4%","52.0%","2029","49.8%","2835","55.1%","4864","52.9%","7185","51.4%","1.5pp"
"Vaan, Street Thief","R","R","22940","3.82","3493","5.08","10403","51.5%","49.3%","1793","43.4%","2572","48.4%","4365","46.3%","6017","51.5%","-5.1pp"
"Warrior's Sword","R","C","237297","5.95","35233","8.29","142090","66.7%","54.8%","23788","53.7%","35504","55.7%","59292","54.9%","81601","54.7%","0.2pp"
"Zell Dincht","R","R","20301","3.47","4065","4.20","16173","67.4%","53.6%","2792","57.3%","3805","53.7%","6597","55.3%","9543","52.4%","2.9pp"
"Airship Crash","G","C","264314","7.35","29340","10.83","52057","29.7%","52.9%","8948","49.6%","12650","55.2%","21598","52.9%","30228","52.8%","0.1pp"
"Ancient Adamantoise","G","M","7527","2.58","2590","2.64","12525","80.2%","55.3%","2052","53.9%","3231","61.2%","5283","58.4%","7118","52.9%","5.5pp"
"Balamb T-Rexaur","G","C","201772","4.73","36657","6.34","187167","84.7%","54.9%","32954","53.2%","46268","57.4%","79222","55.7%","106438","54.3%","1.4pp"
"Bard's Bow","G","C","243666","6.13","34379","8.66","131724","63.6%","54.8%","22976","54.3%","31708","55.9%","54684","55.2%","75726","54.4%","0.8pp"
"Bartz and Boko","G","R","15613","2.75","4480","2.93","18303","68.0%","54.7%","3090","54.6%","4283","56.3%","7373","55.6%","10594","53.6%","2.0pp"
"Blitzball Shot","G","C","266704","7.57","31240","10.94","52128","27.8%","53.3%","8672","51.4%","12117","55.1%","20789","53.6%","31226","53.0%","0.6pp"
"Cactuar","G","U","98907","7.06","10680","10.57","12118","19.2%","51.8%","2209","52.1%","2719","50.4%","4928","51.2%","7150","52.3%","-1.2pp"
"Chocobo Kick","G","C","177564","4.15","37540","5.35","198434","87.5%","55.5%","33249","53.9%","48376","59.5%","81625","57.2%","115356","54.1%","3.1pp"
"Chocobo Racetrack","G","U","65968","4.35","9417","5.77","37132","67.6%","51.7%","6241","50.5%","8887","52.5%","15128","51.7%","21701","51.7%","0.0pp"
"Clash of the Eikons","G","U","80297","4.99","12110","6.83","46846","65.2%","53.5%","7715","51.1%","11561","55.5%","19276","53.8%","27389","53.3%","0.4pp"
"Coliseum Behemoth","G","U","63636","3.98","15118","4.82","77351","84.2%","55.8%","12796","54.3%","19455","60.6%","32251","58.1%","44439","54.0%","4.1pp"
"Commune with Beavers","G","C","264929","7.50","30730","10.92","48411","26.4%","53.4%","8723","53.0%","11522","54.6%","20245","53.9%","27961","53.1%","0.8pp"
"Diamond Weapon","G","U","62574","4.01","11059","5.20","50448","76.8%","54.2%","8208","50.5%","12825","57.1%","21033","54.5%","28818","53.7%","0.8pp"
"The Earth Crystal","G","R","21811","3.70","3507","4.71","11477","57.8%","49.7%","1887","45.4%","2749","50.9%","4636","48.6%","6728","50.2%","-1.6pp"
"Esper Origins","G","R","11984","2.08","6417","2.09","36003","88.8%","59.0%","6505","62.7%","8640","64.2%","15145","63.6%","20721","55.5%","8.0pp"
"Galuf's Final Act","G","U","99465","7.08","10045","10.76","8482","14.3%","49.4%","1437","42.8%","1912","47.4%","3349","45.4%","5121","51.9%","-6.5pp"
"Gigantoad","G","C","252434","6.56","30512","9.57","91672","50.6%","52.7%","15436","51.3%","22489","54.3%","37925","53.1%","53218","52.4%","0.6pp"
"Goobbue Gardener","G","C","201750","4.82","34584","6.49","174288","84.1%","54.7%","31759","56.7%","41113","53.8%","72872","55.1%","100592","54.5%","0.6pp"
"Gran Pulse Ochu","G","C","239451","6.04","32313","8.63","130516","67.1%","54.6%","23378","55.1%","31780","55.2%","55158","55.1%","74380","54.2%","1.0pp"
"Gysahl Greens","G","C","223052","5.50","30783","7.83","129460","70.5%","54.1%","23259","54.0%","29974","54.1%","53233","54.0%","75932","54.0%","-0.0pp"
"Jumbo Cactuar","G","R","21694","3.72","3110","4.92","9610","53.0%","50.1%","1550","46.8%","2282","50.7%","3832","49.1%","5763","50.6%","-1.4pp"
"Loporrit Scout","G","C","273163","8.22","29191","11.95","23612","13.6%","50.4%","4186","49.3%","5341","47.8%","9527","48.4%","14014","51.7%","-3.3pp"
"Prishe's Wanderings","G","C","221564","5.46","31432","7.77","130427","69.5%","53.5%","22740","53.5%","31647","54.5%","54387","54.1%","75532","53.0%","1.1pp"
"Quina, Qu Gourmet","G","U","75474","4.85","11246","6.57","42125","63.2%","52.9%","7333","52.8%","9725","51.4%","17058","52.0%","24885","53.4%","-1.4pp"
"Reach the Horizon","G","U","77038","4.97","10780","6.93","40410","63.5%","52.4%","7037","53.0%","10014","53.5%","17051","53.3%","23182","51.8%","1.5pp"
"A Realm Reborn","G","R","39353","6.44","4676","9.88","199","0.7%","","48","","43","","91","","108","",""
"Ride the Shoopuf","G","U","61550","3.96","9626","5.27","42697","75.5%","53.1%","7619","56.2%","9990","53.9%","17609","54.9%","24955","51.8%","3.1pp"
"Rydia's Return","G","U","92826","6.05","12134","8.71","34013","47.1%","52.7%","5550","48.8%","8329","55.5%","13879","52.8%","19928","52.6%","0.2pp"
"Sazh Katzroy","G","R","9545","1.72","6108","1.69","34764","91.5%","57.7%","5992","65.5%","8678","62.8%","14670","63.9%","19740","53.0%","10.9pp"
"Sazh's Chocobo","G","U","43074","2.74","14174","3.10","78033","89.6%","56.6%","14228","66.3%","18197","54.3%","32425","59.6%","44381","54.2%","5.3pp"
"Sidequest: Raise a Chocobo","G","U","68034","4.32","10665","5.75","45469","71.9%","53.4%","8196","54.3%","10464","53.0%","18660","53.6%","26673","53.3%","0.3pp"
"Summon: Fat Chocobo","G","C","181481","4.27","37999","5.51","197652","85.7%","55.5%","32927","56.0%","48094","58.5%","81021","57.5%","111957","53.5%","4.0pp"
"Summon: Fenrir","G","U","38449","2.47","16757","2.69","94795","91.6%","56.9%","16908","63.6%","23441","58.6%","40349","60.7%","53387","54.0%","6.7pp"
"Summon: Titan","G","R","10853","1.87","5890","1.86","32419","89.8%","56.0%","5558","57.5%","8147","60.5%","13705","59.3%","18381","53.3%","6.0pp"
"Summoner's Grimoire","G","R","21183","3.72","2923","5.05","8109","47.4%","50.8%","1404","51.1%","1944","51.4%","3348","51.3%","4682","50.3%","0.9pp"
"Tifa Lockhart","G","R","19878","3.39","2866","4.44","9683","58.5%","50.2%","1807","50.5%","2205","49.2%","4012","49.8%","5623","50.6%","-0.8pp"
"Tifa's Limit Break","G","U","89488","5.82","10647","8.63","28489","45.3%","52.9%","4627","50.2%","6739","54.9%","11366","53.0%","17035","52.7%","0.3pp"
"Torgal, A Fine Hound","G","U","44632","2.84","16116","3.18","88431","90.3%","56.0%","16339","61.4%","21336","55.9%","37675","58.3%","50138","54.2%","4.1pp"
"Town Greeter","G","C","212845","5.23","45857","6.55","226346","80.5%","56.6%","41376","59.0%","54815","58.1%","96191","58.5%","128567","55.2%","3.3pp"
"Traveling Chocobo","G","M","4589","1.65","2569","1.60","13484","86.4%","55.8%","2442","56.4%","3227","61.2%","5669","59.1%","7459","52.8%","6.3pp"
"Vanille, Cheerful l'Cie","G","U","55544","3.52","17778","4.01","93186","86.4%","56.1%","15944","55.6%","23305","60.2%","39249","58.4%","52579","54.3%","4.0pp"
"Absolute Virtue","WU","M","7677","2.78","2228","3.02","9017","67.2%","53.7%","1449","52.9%","2396","61.7%","3845","58.4%","5114","50.0%","8.4pp"
"Balthier and Fran","RG","R","30633","5.09","4180","7.38","6901","28.0%","52.5%","1205","55.3%","1626","51.3%","2831","53.0%","4053","52.0%","0.9pp"
"Black Waltz No. 3","BR","U","75320","5.03","10911","6.94","36238","56.7%","51.8%","6129","49.3%","9261","53.2%","15390","51.7%","20565","51.7%","-0.1pp"
"Choco, Seeker of Paradise","WUG","R","20809","3.63","4473","4.26","15020","57.3%","52.4%","2481","55.3%","3696","53.4%","6177","54.2%","8509","50.7%","3.5pp"
"Cid, Timeless Artificer","WU","U","82230","5.54","14251","7.26","47913","56.1%","54.3%","8275","53.6%","11912","56.0%","20187","55.0%","27637","53.7%","1.3pp"
"Cloud of Darkness","BG","U","62747","4.06","18546","4.55","92694","81.3%","57.1%","15385","56.6%","23652","62.5%","39037","60.2%","51707","54.6%","5.5pp"
"Emet-Selch, Unsundered","UB","M","6144","2.21","2861","2.22","13593","80.4%","53.9%","2284","57.7%","3822","58.3%","6106","58.1%","7254","50.1%","8.0pp"
"The Emperor of Palamecia","UR","U","67281","4.60","17707","5.19","77949","72.5%","56.6%","13828","60.9%","21851","58.2%","35679","59.3%","41791","54.2%","5.0pp"
"Exdeath, Void Warlock","BG","U","76171","4.86","14885","6.25","65400","72.6%","56.0%","11285","55.5%","16079","59.7%","27364","58.0%","37004","54.5%","3.5pp"
"Garland, Knight of Cornelia","BR","U","75656","5.03","13680","6.44","47649","58.2%","54.4%","8381","57.4%","11775","55.9%","20156","56.5%","27284","52.9%","3.6pp"
"Garnet, Princess of Alexandria","WG","U","83843","5.70","11848","7.72","34616","48.7%","54.3%","6159","56.6%","7734","53.7%","13893","54.9%","20592","53.8%","1.1pp"
"Giott, King of the Dwarves","WR","U","86058","5.92","12975","7.79","41131","52.7%","56.1%","7254","57.5%","9081","55.0%","16335","56.1%","24809","56.2%","-0.1pp"
"Gladiolus Amicitia","RG","U","70572","4.62","13644","5.87","55782","68.1%","54.1%","9262","53.9%","14043","59.6%","23305","57.3%","32151","51.6%","5.7pp"
"Golbez, Crystal Collector","UB","R","25810","4.38","4436","5.72","11229","43.7%","48.9%","1961","49.1%","2998","51.1%","4959","50.3%","6207","47.7%","2.6pp"
"Hope Estheim","WU","R","29267","4.95","4125","7.03","8808","36.4%","50.2%","1586","51.3%","2251","51.4%","3837","51.3%","4954","49.3%","2.1pp"
"Ignis Scientia","UG","U","72984","4.78","17769","5.70","75479","70.3%","55.1%","13375","58.3%","20215","58.3%","33590","58.3%","41200","52.4%","5.9pp"
"Jenova, Ancient Calamity","BG","R","11770","2.14","6494","2.10","35123","88.5%","55.9%","6092","60.5%","8964","61.1%","15056","60.8%","19489","52.0%","8.9pp"
"Joshua, Phoenix's Dominant","WR","R","12703","2.36","5501","2.35","26863","81.1%","55.2%","4776","57.7%","6604","57.5%","11380","57.6%","15460","53.3%","4.3pp"
"Judge Magister Gabranth","WB","U","81539","5.44","12186","7.37","41698","57.1%","55.1%","7207","56.5%","9873","55.3%","17080","55.8%","24379","54.6%","1.2pp"
"Kefka, Court Mage","UBR","M","6050","2.16","3173","2.08","16035","83.6%","55.8%","2673","60.9%","4610","63.3%","7283","62.4%","8530","50.0%","12.4pp"
"Kuja, Genome Sorcerer","BR","R","11302","2.13","6141","2.01","32794","86.7%","56.6%","5535","62.7%","8804","62.2%","14339","62.4%","18024","51.9%","10.5pp"
"Lightning, Army of One","WR","M","5470","1.99","2327","1.90","10601","75.5%","54.6%","1911","54.8%","2528","57.6%","4439","56.4%","6166","53.3%","3.1pp"
"Locke Cole","UB","U","74030","4.68","15603","5.92","66239","70.5%","54.6%","11412","56.8%","18741","58.0%","30153","57.5%","35235","52.0%","5.5pp"
"Noctis, Prince of Lucis","WUB","R","28145","4.65","4045","6.59","6351","27.2%","47.4%","1090","44.5%","1724","49.9%","2814","47.8%","3497","46.8%","1.0pp"
"Omega, Heartless Evolution","UG","U","82349","5.29","17697","6.69","68352","64.5%","55.1%","11430","53.4%","19089","61.0%","30519","58.2%","37067","52.3%","5.9pp"
"Rinoa Heartilly","WG","U","77011","4.99","13568","6.43","50677","61.8%","54.7%","8499","56.2%","11900","57.2%","20399","56.8%","30060","53.2%","3.6pp"
"Rufus Shinra","WB","U","83444","5.48","12538","7.55","39257","52.3%","54.9%","6781","57.6%","9454","55.4%","16235","56.3%","22770","54.0%","2.3pp"
"Rydia, Summoner of Mist","RG","U","86001","5.90","12068","8.12","29847","41.8%","52.6%","5221","53.7%","7094","53.2%","12315","53.4%","17450","52.0%","1.4pp"
"Serah Farron","WG","R","25770","4.39","3721","6.10","8387","38.6%","49.9%","1419","47.3%","1987","50.1%","3406","48.9%","4927","50.5%","-1.5pp"
"Shantotto, Tactician Magician","UR","U","65742","4.50","18943","4.93","86056","74.6%","56.5%","14933","59.3%","24529","58.7%","39462","58.9%","46079","54.2%","4.7pp"
"Sin, Spira's Punishment","UBG","R","13787","2.54","6606","2.51","33721","85.4%","54.7%","5600","55.7%","9572","61.3%","15172","59.2%","17977","50.9%","8.3pp"
"Squall, SeeD Mercenary","WB","R","13187","2.41","5204","2.45","24666","78.4%","54.8%","4258","57.3%","6049","58.9%","10307","58.3%","14172","52.2%","6.1pp"
"Tellah, Great Sage","UR","R","17139","3.06","5842","3.25","26894","78.1%","53.4%","4433","53.2%","7689","55.2%","12122","54.5%","14643","52.3%","2.2pp"
"Terra, Magical Adept","RG","M","7749","2.84","2310","3.02","7203","53.5%","52.5%","1245","53.2%","1801","54.7%","3046","54.1%","4120","51.4%","2.6pp"
"Tidus, Blitzball Star","WU","U","78803","5.44","11657","7.32","36982","54.1%","52.1%","6401","50.4%","9184","51.4%","15585","51.0%","21334","52.9%","-1.9pp"
"Ultimecia, Time Sorceress","UB","U","76028","4.81","14519","6.36","57652","66.8%","53.2%","9528","51.1%","16436","57.0%","25964","54.8%","30892","51.5%","3.3pp"
"Vivi Ornitier","UR","M","5074","1.90","2637","1.81","12617","79.8%","54.6%","2220","59.5%","3622","57.4%","5842","58.2%","6699","51.1%","7.1pp"
"The Wandering Minstrel","UG","R","26598","4.48","5820","5.44","18064","52.8%","51.7%","3164","50.5%","5111","58.2%","8275","55.3%","9586","48.3%","7.0pp"
"Yuna, Hope of Spira","WG","M","5357","2.04","2514","1.90","10526","69.7%","55.6%","1781","58.0%","2516","62.3%","4297","60.5%","6136","52.0%","8.6pp"
"Zidane, Tantalus Thief","WR","U","82830","5.39","13292","7.14","44868","55.9%","56.2%","7522","55.5%","10482","59.8%","18004","58.0%","26804","54.9%","3.1pp"
"Adventurer's Airship","","C","275477","7.99","33291","11.42","35735","17.8%","53.9%","6197","53.2%","8539","53.0%","14736","53.0%","20802","54.4%","-1.4pp"
"Aettir and Priwen","","M","12036","4.09","1413","6.01","2071","25.2%","47.1%","367","","495","","862","41.6%","1176","51.2%","-9.5pp"
"Blitzball","","C","256089","6.45","33011","9.34","85595","44.0%","51.2%","15585","50.0%","21314","51.6%","36899","50.9%","48088","51.4%","-0.4pp"
"Buster Sword","","M","3236","1.15","2851","1.14","17452","98.8%","56.8%","2999","61.3%","4360","61.3%","7359","61.3%","9750","53.0%","8.3pp"
"Elixir","","U","108842","8.09","11843","11.84","3948","5.6%","47.1%","650","41.1%","1068","49.0%","1718","46.0%","2145","47.8%","-1.8pp"
"Excalibur II","","R","28628","4.75","3037","7.43","3507","19.8%","49.1%","632","45.4%","783","47.1%","1415","46.4%","1964","50.9%","-4.6pp"
"Genji Glove","","R","22130","3.84","2652","5.38","7487","48.3%","51.3%","1241","46.7%","1817","50.6%","3058","49.0%","4322","52.8%","-3.7pp"
"Instant Ramen","","C","273777","7.72","30516","11.25","32725","18.0%","52.4%","6044","50.6%","8090","54.3%","14134","52.7%","17910","51.9%","0.8pp"
"Iron Giant","","C","276519","8.33","25957","12.33","12063","7.8%","48.1%","2023","43.3%","3069","48.6%","5092","46.5%","6897","49.0%","-2.5pp"
"Lion Heart","","U","78837","4.61","12679","6.48","55355","72.2%","54.5%","9433","51.4%","13624","56.4%","23057","54.3%","31521","54.4%","-0.1pp"
"Lunatic Pandora","","C","276153","8.22","28545","11.98","19066","11.2%","49.5%","3529","45.8%","4723","51.0%","8252","48.8%","10397","49.7%","-0.9pp"
"Magic Pot","","C","278472","8.65","29118","12.45","11296","6.5%","48.6%","1943","46.1%","2900","48.7%","4843","47.6%","6377","49.1%","-1.5pp"
"The Masamune","","R","23315","3.93","2996","5.40","6645","38.2%","48.0%","1028","42.1%","1617","44.8%","2645","43.7%","3908","50.8%","-7.0pp"
"Monk's Fist","","C","266979","7.14","38140","10.12","105812","45.7%","55.1%","19451","53.9%","24547","54.4%","43998","54.2%","59793","55.6%","-1.4pp"
"PuPu UFO","","U","95100","5.98","12662","8.55","37211","49.4%","53.5%","6769","54.5%","9757","56.4%","16526","55.6%","20257","51.7%","4.0pp"
"The Regalia","","R","8901","1.58","6121","1.57","36203","97.7%","55.0%","6223","57.2%","9192","57.0%","15415","57.1%","20424","53.3%","3.8pp"
"Relentless X-ATM092","","U","97391","6.15","11066","9.31","25644","39.1%","52.2%","4281","48.0%","6565","54.8%","10846","52.1%","14658","52.0%","0.1pp"
"Ring of the Lucii","","U","99306","6.44","11925","9.48","22300","31.6%","52.4%","3785","50.8%","5829","55.0%","9614","53.3%","12473","51.6%","1.8pp"
"World Map","","C","267758","7.10","33209","10.30","69601","35.3%","51.7%","13130","50.3%","17325","52.0%","30455","51.2%","38414","51.9%","-0.7pp"
"Adventurer's Inn","","C","277242","8.35","29528","12.06","35403","20.0%","53.5%","5789","52.8%","8924","55.8%","14713","54.6%","20492","52.6%","2.0pp"
"Balamb Garden, SeeD Academy","","R","21334","3.39","6908","3.80","32647","78.0%","56.1%","6050","59.1%","7669","57.7%","13719","58.3%","18501","54.5%","3.8pp"
"Baron, Airship Kingdom","","C","177680","6.29","33151","8.63","136336","68.3%","54.8%","24857","56.2%","36200","54.9%","61057","55.4%","74755","54.2%","1.2pp"
"Capital City","","U","92479","5.35","15984","7.65","80646","83.8%","54.6%","14443","53.3%","20455","56.7%","34898","55.3%","45327","54.1%","1.2pp"
"Clive's Hideaway","","R","38724","6.23","4683","9.49","1948","6.9%","46.9%","346","","459","","805","46.0%","1131","47.5%","-1.5pp"
"Crossroads Village","","C","229795","5.08","44633","7.14","246424","91.8%","55.1%","46263","56.0%","60607","54.7%","106870","55.3%","138646","55.0%","0.3pp"
"Eden, Seat of the Sanctum","","U","107422","7.32","14563","10.47","36785","42.2%","54.4%","6148","53.1%","9079","56.1%","15227","54.8%","21291","54.1%","0.8pp"
"Gohn, Town of Ruin","","C","174151","6.06","30893","8.36","136124","73.2%","54.9%","24775","56.0%","31986","54.5%","56761","55.1%","78466","54.7%","0.4pp"
"The Gold Saucer","","U","107195","7.44","11809","11.08","19773","28.1%","52.4%","3371","52.4%","5040","53.5%","8411","53.1%","11258","51.9%","1.2pp"
"Gongaga, Reactor Town","","C","181810","6.65","27677","9.34","90351","54.8%","53.1%","16583","53.9%","20669","52.6%","37252","53.2%","52695","53.1%","0.1pp"
"Guadosalam, Farplane Gateway","","C","176446","6.29","32854","8.54","129645","65.7%","54.4%","23845","55.7%","31383","55.1%","55228","55.4%","73609","53.7%","1.7pp"
"Insomnia, Crown City","","C","182173","6.51","27189","9.31","86704","53.1%","53.5%","15687","54.3%","20589","52.4%","36276","53.2%","50027","53.8%","-0.6pp"
"Ishgard, the Holy See","","R","26613","4.11","4377","5.54","18569","72.3%","53.5%","3367","53.3%","4430","52.8%","7797","53.0%","10719","54.0%","-1.0pp"
"Jidoor, Aristocratic Capital","","R","33371","5.17","4355","7.76","11231","44.1%","50.1%","1984","49.8%","3105","49.1%","5089","49.4%","6077","50.5%","-1.1pp"
"Lindblum, Industrial Regency","","R","25358","3.92","4471","5.16","20295","77.3%","53.4%","3556","51.7%","5132","53.4%","8688","52.7%","11506","53.8%","-1.0pp"
"Midgar, City of Mako","","R","22968","3.53","4864","4.51","24578","84.9%","53.9%","4348","51.8%","6131","54.6%","10479","53.4%","13898","54.3%","-0.9pp"
"Rabanastre, Royal City","","C","184388","6.79","26721","9.70","82372","51.4%","53.8%","15216","54.6%","19205","51.8%","34421","53.1%","47762","54.3%","-1.2pp"
"Sharlayan, Nation of Scholars","","C","181203","6.44","28965","9.15","102162","58.8%","53.5%","18918","54.1%","25380","53.7%","44298","53.9%","57441","53.2%","0.7pp"
"Starting Town","","R","19653","3.00","5126","3.68","28483","94.2%","53.5%","5289","56.2%","6981","53.4%","12270","54.6%","16093","52.6%","2.0pp"
"Treno, Dark City","","C","172102","5.84","33353","8.07","144133","71.8%","54.2%","26338","55.4%","37412","55.5%","63750","55.4%","79560","53.3%","2.2pp"
"Vector, Imperial Capital","","C","178791","6.33","29602","8.85","105158","59.3%","53.6%","19067","54.6%","26427","53.9%","45494","54.2%","59135","53.1%","1.1pp"
"Windurst, Federation Center","","C","181998","6.62","26369","9.41","90267","57.2%","53.8%","16528","54.5%","20820","53.2%","37348","53.8%","52499","53.8%","-0.0pp"
"Zanarkand, Ancient Metropolis","","R","18756","3.00","5616","3.44","28807","85.3%","55.2%","5126","53.1%","7083","57.9%","12209","55.9%","16325","54.7%","1.2pp"
"Adeline, Resplendent Cathar","W","R","1436","1.87","705","1.88","3952","89.1%","57.1%","707","63.2%","975","59.4%","1682","61.0%","2268","54.3%","6.7pp"
"Ranger-Captain of Eos","W","M","2887","3.41","680","3.90","2534","61.3%","58.4%","479","","544","61.4%","1023","61.1%","1504","56.6%","4.5pp"
"Sram, Senior Edificer","W","R","1767","2.43","723","2.52","3856","87.8%","56.8%","677","62.5%","894","57.9%","1571","59.9%","2276","54.6%","5.3pp"
"Counterspell","U","U","25697","4.04","6430","5.04","32571","83.8%","55.9%","5565","56.0%","9257","59.6%","14822","58.2%","17514","53.7%","4.6pp"
"Urza, Lord High Artificer","U","M","1534","2.10","907","2.04","5099","90.1%","57.2%","885","66.2%","1419","64.3%","2304","65.0%","2740","50.4%","14.6pp"
"Venser, Shaper Savant","U","R","2313","2.83","870","3.11","4601","86.8%","55.6%","759","53.4%","1309","60.4%","2068","57.8%","2467","53.5%","4.3pp"
"Bolas's Citadel","B","R","3456","4.44","546","5.87","1422","43.8%","54.8%","261","","373","","634","55.2%","768","54.4%","0.8pp"
"Dark Ritual","B","R","3133","4.06","423","","1104","45.5%","51.5%","185","","285","","470","","624","50.5%",""
"Fatal Push","B","U","16883","2.68","5995","3.06","33133","90.4%","56.6%","5828","58.0%","8683","59.8%","14511","59.1%","18168","54.6%","4.5pp"
"Syr Konrad, the Grim","B","U","17765","2.91","5294","3.37","27855","88.5%","53.8%","4618","51.0%","7237","57.3%","11855","54.8%","15656","53.0%","1.9pp"
"Yawgmoth, Thran Physician","B","M","1553","2.05","859","2.03","4781","89.9%","57.5%","873","61.5%","1267","63.1%","2140","62.5%","2592","53.4%","9.1pp"
"Ancient Copper Dragon","R","M","1798","2.36","485","","2209","77.4%","53.7%","356","","552","53.3%","908","52.6%","1299","54.3%","-1.6pp"
"Godo, Bandit Warlord","R","R","2823","3.52","629","4.00","2184","58.6%","53.3%","358","","550","55.3%","908","55.3%","1275","51.8%","3.4pp"
"Purphoros, God of the Forge","R","M","2090","2.69","472","","1595","57.1%","51.9%","268","","405","","673","50.7%","917","52.7%","-2.0pp"
"Azusa, Lost but Seeking","G","R","3666","4.78","387","","643","28.2%","49.8%","112","","159","","271","","369","",""
"Nyxbloom Ancient","G","M","3753","4.59","361","","448","21.5%","","82","","105","","187","","260","",""
"Jodah, the Unifier","WUBRG","R","4081","5.22","569","7.38","932","27.7%","50.0%","159","","240","","399","","523","44.0%",""
"Tymna the Weaver","WB","R","2906","3.88","521","4.84","1871","60.1%","54.7%","333","","445","","778","58.6%","1087","52.0%","6.6pp"
"Winota, Joiner of Forces","WR","R","2408","3.40","677","3.84","2870","69.1%","58.3%","473","","716","66.8%","1189","66.4%","1685","52.6%","13.7pp"
"Traxos, Scourge of Kroog","","R","2301","3.01","741","3.24","3737","86.1%","52.3%","644","53.1%","914","54.3%","1558","53.8%","2145","51.3%","2.5pp"
"Akroma's Will","W","M","1821","2.43","852","2.36","4705","88.4%","57.3%","787","61.1%","1173","65.9%","1960","64.0%","2732","52.5%","11.5pp"
"Danitha Capashen, Paragon","W","U","17765","3.06","4218","3.55","21745","86.0%","55.4%","3876","56.6%","5074","55.6%","8950","56.0%","12792","54.9%","1.1pp"
"Kenrith, the Returned King","W","R","1283","1.88","683","1.84","3803","90.5%","55.2%","623","56.0%","995","61.7%","1618","59.5%","2155","51.7%","7.8pp"
"Loran of the Third Path","W","R","2176","2.76","640","3.14","3450","88.1%","57.9%","602","56.3%","783","62.7%","1385","59.9%","2050","56.5%","3.4pp"
"Mangara, the Diplomat","W","R","1743","2.38","514","2.55","2556","83.1%","53.8%","438","","615","53.8%","1053","53.2%","1481","54.3%","-1.1pp"
"Stroke of Midnight","W","U","27932","4.63","2587","7.13","8191","54.8%","50.5%","1379","46.0%","1946","50.0%","3325","48.4%","4844","52.1%","-3.7pp"
"Wall of Omens","W","U","30016","4.72","4587","6.41","17653","63.7%","55.2%","3188","57.3%","4335","56.9%","7523","57.1%","10056","53.8%","3.3pp"
"Brainstorm","U","U","31193","5.09","4243","7.49","12181","48.2%","52.9%","2116","50.9%","3260","55.2%","5376","53.5%","6725","52.3%","1.2pp"
"Cryptic Command","U","R","2244","2.83","885","3.10","4676","84.4%","58.3%","821","59.4%","1340","63.8%","2161","62.1%","2430","54.2%","7.9pp"
"Laboratory Maniac","U","U","40897","7.47","5146","10.90","2060","6.7%","50.7%","355","","668","53.9%","1023","50.2%","1021","50.9%","-0.7pp"
"Rhystic Study","U","M","2941","3.93","381","","876","39.0%","45.9%","169","","233","","402","","467","",""
"Teferi, Mage of Zhalfir","U","R","3194","4.14","554","5.35","1542","46.9%","51.6%","256","","422","","678","50.0%","858","52.7%","-2.7pp"
"Deadly Dispute","B","U","28905","4.41","5258","5.96","24856","78.1%","55.1%","4099","54.1%","6280","57.9%","10379","56.4%","14258","54.1%","2.3pp"
"Diabolic Intent","B","R","3760","4.79","377","","649","28.6%","50.8%","101","","156","","257","","389","",""
"Gix, Yawgmoth Praetor","B","M","1629","2.10","748","2.10","3990","86.7%","55.2%","701","58.1%","1004","58.4%","1705","58.2%","2242","52.9%","5.3pp"
"K'rrik, Son of Yawgmoth","B","R","3359","4.36","357","","642","32.1%","45.2%","118","","144","","262","","374","",""
"Varragoth, Bloodsky Sire","B","R","2066","2.58","519","3.03","2715","87.4%","53.8%","461","","716","55.9%","1177","53.4%","1506","54.0%","-0.5pp"
"Captain Lannery Storm","R","U","22759","3.57","4920","4.48","24341","81.7%","55.8%","4380","58.9%","6044","56.7%","10424","57.6%","13829","54.5%","3.1pp"
"Light Up the Stage","R","U","34462","5.63","4772","8.01","15269","53.0%","54.7%","2588","52.7%","3660","56.1%","6248","54.7%","8940","54.6%","0.1pp"
"Lightning Bolt","R","U","15037","2.46","6015","2.68","32918","89.1%","56.4%","5770","57.7%","8397","60.1%","14167","59.1%","18515","54.1%","5.0pp"
"Mizzix's Mastery","R","R","3624","4.55","560","6.13","1395","43.4%","53.5%","245","","399","","644","52.6%","746","54.0%","-1.4pp"
"Najeela, the Blade-Blossom","R","M","2595","3.47","531","4.25","1860","61.0%","52.8%","324","","469","","793","53.0%","1061","52.6%","0.4pp"
"Ragavan, Nimble Pilferer","R","M","1439","1.83","748","1.81","3796","83.6%","56.3%","679","61.4%","947","56.3%","1626","58.4%","2153","54.6%","3.8pp"
"Carpet of Flowers","G","R","4740","6.38","512","9.95","67","2.2%","","7","","17","","24","","43","",""
"Farseek","G","U","29500","4.69","4553","6.31","19630","73.3%","53.6%","3476","53.5%","4692","53.8%","8168","53.7%","11381","53.5%","0.2pp"
"Fynn, the Fangbearer","G","U","28691","4.55","4825","6.19","23305","81.4%","54.3%","4160","55.6%","5658","55.6%","9818","55.6%","13359","53.3%","2.4pp"
"Nature's Claim","G","U","38794","6.82","3985","10.49","4272","18.3%","51.8%","705","47.9%","1064","52.5%","1769","50.7%","2489","52.4%","-1.7pp"
"Primeval Titan","G","R","1375","1.82","747","1.86","3972","88.9%","55.3%","677","56.9%","1018","63.1%","1695","60.6%","2227","51.3%","9.3pp"
"Atraxa, Grand Unifier","WUBG","M","1683","2.21","887","2.04","4430","83.7%","55.8%","730","64.5%","1281","67.5%","2011","66.4%","2328","45.9%","20.5pp"
"Bruse Tarl, Boorish Herder","WR","R","2161","3.11","727","3.19","3334","75.8%","57.4%","559","61.4%","806","62.4%","1365","62.0%","1966","54.2%","7.8pp"
"Dovin's Veto","WU","U","39934","7.24","4370","10.88","2681","10.3%","49.1%","484","","686","50.0%","1170","48.6%","1507","49.4%","-0.8pp"
"Inalla, Archmage Ritualist","UBR","R","4023","5.08","567","7.54","512","15.1%","45.7%","90","","128","","218","","291","",""
"Ishai, Ojutai Dragonspeaker","WU","R","3682","4.74","459","","930","33.9%","47.6%","150","","253","","403","","520","48.8%",""
"Isshin, Two Heavens as One","WBR","R","4018","5.24","450","","278","10.7%","","49","","53","","102","","176","",""
"Kinnan, Bonder Prodigy","UG","M","3818","4.81","633","6.18","1832","48.7%","54.6%","326","","522","52.7%","848","53.7%","977","55.5%","-1.8pp"
"Kraum, Ludevic's Opus","UR","R","2527","3.26","774","3.53","3586","76.3%","54.2%","615","51.7%","986","59.3%","1601","56.4%","1966","52.4%","4.0pp"
"Muldrotha, the Gravetide","UBG","R","2165","2.97","822","3.23","4022","81.3%","53.7%","726","54.7%","1121","60.1%","1847","58.0%","2108","49.4%","8.6pp"
"Thrasios, Triton Hero","UG","M","3372","4.10","732","5.04","2833","65.8%","53.1%","494","","754","55.7%","1248","54.0%","1562","52.4%","1.6pp"
"Vial Smasher the Fierce","BR","M","2116","2.81","679","2.84","3141","78.0%","53.3%","516","53.1%","791","58.9%","1307","56.6%","1798","50.9%","5.7pp"
"Yuriko, the Tiger's Shadow","UB","R","3102","4.01","634","4.95","2032","53.8%","52.1%","360","","579","55.3%","939","53.4%","1073","51.1%","2.3pp"
"Chromatic Lantern","","R","3382","4.03","415","","1263","53.4%","50.0%","237","","326","","563","49.6%","690","50.1%","-0.6pp"
"Smuggler's Copter","","R","1173","1.61","941","1.64","5926","98.6%","59.9%","1075","68.5%","1463","62.5%","2538","65.1%","3153","55.2%","9.9pp"
"Strixhaven Stadium","","U","40867","7.63","4071","11.55","878","3.6%","47.4%","152","","207","","359","","513","47.8%",""
"Command Beacon","","R","5408","7.24","632","10.75","6","0.2%","","2","","0","","2","","4","",""